Timestamp,RawValue,FastSignal,SlowBaseline,PhasicSignal,Event
2025-09-10 17:08:11.737,57,28.50,28.50,0.00,
2025-09-10 17:08:11.737,53,38.08,36.70,1.39,
2025-09-10 17:08:11.737,57,43.86,41.80,2.06,
2025-09-10 17:08:11.737,53,46.14,44.05,2.10,
2025-09-10 17:08:11.737,57,48.40,46.22,2.18,
2025-09-10 17:08:11.737,53,49.22,47.19,2.03,
2025-09-10 17:08:11.737,57,50.43,48.43,2.00,
2025-09-10 17:08:11.737,53,50.79,48.94,1.85,
2025-09-10 17:08:11.737,57,51.55,49.75,1.80,
2025-09-10 17:08:11.737,54,51.83,50.14,1.69,
2025-09-10 17:08:11.737,57,52.36,50.71,1.65,
2025-09-10 17:08:11.737,54,52.51,50.97,1.55,
2025-09-10 17:08:11.737,57,52.91,51.40,1.51,
2025-09-10 17:08:11.737,54,53.00,51.57,1.42,
2025-09-10 17:08:11.737,57,53.30,51.92,1.39,
2025-09-10 17:08:11.737,54,53.35,52.04,1.31,
2025-09-10 17:08:11.737,57,53.60,52.32,1.28,
2025-09-10 17:08:11.737,54,53.62,52.41,1.22,
2025-09-10 17:08:11.737,57,53.83,52.64,1.19,
2025-09-10 17:08:11.737,54,53.84,52.70,1.14,
2025-09-10 17:08:11.737,56,53.96,52.85,1.10,
2025-09-10 17:08:11.737,54,53.96,52.90,1.06,
2025-09-10 17:08:11.745,56,54.06,53.03,1.03,
2025-09-10 17:08:11.798,55,54.11,53.11,0.99,
2025-09-10 17:08:11.847,56,54.19,53.22,0.97,
2025-09-10 17:08:11.896,55,54.23,53.29,0.94,
2025-09-10 17:08:11.945,56,54.31,53.39,0.92,
2025-09-10 17:08:11.998,55,54.33,53.44,0.89,
2025-09-10 17:08:12.048,56,54.40,53.53,0.87,
2025-09-10 17:08:12.097,55,54.42,53.58,0.85,
2025-09-10 17:08:12.146,55,54.44,53.62,0.82,
2025-09-10 17:08:12.199,55,54.46,53.66,0.80,
2025-09-10 17:08:12.248,55,54.48,53.70,0.78,
2025-09-10 17:08:12.297,56,54.53,53.77,0.77,
2025-09-10 17:08:12.351,55,54.55,53.80,0.75,
2025-09-10 17:08:12.400,56,54.60,53.86,0.73,
2025-09-10 17:08:12.449,55,54.61,53.89,0.72,
2025-09-10 17:08:12.498,57,54.68,53.97,0.71,
2025-09-10 17:08:12.551,55,54.69,54.00,0.69,
2025-09-10 17:08:12.601,57,54.76,54.07,0.68,
2025-09-10 17:08:12.650,55,54.76,54.09,0.67,
2025-09-10 17:08:12.699,57,54.83,54.16,0.66,
2025-09-10 17:08:12.752,54,54.80,54.16,0.64,
2025-09-10 17:08:12.801,57,54.86,54.22,0.64,
2025-09-10 17:08:12.850,55,54.87,54.24,0.63,
2025-09-10 17:08:12.900,58,54.95,54.32,0.63,
2025-09-10 17:08:12.953,55,54.95,54.33,0.61,
2025-09-10 17:08:13.002,58,55.02,54.41,0.61,
2025-09-10 17:08:13.051,54,55.00,54.40,0.60,
2025-09-10 17:08:13.100,58,55.07,54.47,0.60,
2025-09-10 17:08:13.153,55,55.07,54.48,0.58,
2025-09-10 17:08:13.203,58,55.14,54.55,0.59,
2025-09-10 17:08:13.252,55,55.13,54.56,0.57,
2025-09-10 17:08:13.301,58,55.20,54.62,0.58,
2025-09-10 17:08:13.354,55,55.19,54.63,0.56,
2025-09-10 17:08:13.403,58,55.25,54.69,0.57,
2025-09-10 17:08:13.452,55,55.25,54.69,0.56,
2025-09-10 17:08:13.502,58,55.31,54.75,0.56,
2025-09-10 17:08:13.555,54,55.28,54.74,0.54,
2025-09-10 17:08:13.604,58,55.34,54.79,0.55,
2025-09-10 17:08:13.653,55,55.33,54.79,0.53,
2025-09-10 17:08:13.706,58,55.38,54.85,0.54,
2025-09-10 17:08:13.756,55,55.38,54.85,0.53,
2025-09-10 17:08:13.805,57,55.41,54.88,0.53,
2025-09-10 17:08:13.854,55,55.40,54.88,0.52,
2025-09-10 17:08:13.907,57,55.43,54.91,0.52,
2025-09-10 17:08:13.956,55,55.42,54.92,0.51,
2025-09-10 17:08:14.005,57,55.45,54.95,0.51,
2025-09-10 17:08:14.055,55,55.44,54.95,0.50,
2025-09-10 17:08:14.108,57,55.47,54.98,0.50,
2025-09-10 17:08:14.157,56,55.48,54.99,0.49,
2025-09-10 17:08:14.206,57,55.51,55.02,0.49,
2025-09-10 17:08:14.257,56,55.52,55.03,0.48,
2025-09-10 17:08:14.308,57,55.54,55.06,0.48,
2025-09-10 17:08:14.358,56,55.55,55.07,0.48,
2025-09-10 17:08:14.407,56,55.56,55.08,0.47,
2025-09-10 17:08:14.456,56,55.56,55.09,0.47,
2025-09-10 17:08:14.509,56,55.57,55.11,0.47,
2025-09-10 17:08:14.558,57,55.59,55.13,0.46,
2025-09-10 17:08:14.608,56,55.60,55.14,0.46,
2025-09-10 17:08:14.657,57,55.62,55.16,0.46,
2025-09-10 17:08:14.710,56,55.63,55.17,0.46,
2025-09-10 17:08:14.759,57,55.65,55.20,0.45,
2025-09-10 17:08:14.808,56,55.66,55.21,0.45,
2025-09-10 17:08:14.858,57,55.68,55.23,0.45,
2025-09-10 17:08:14.912,55,55.67,55.22,0.44,
2025-09-10 17:08:14.960,58,55.70,55.26,0.44,
2025-09-10 17:08:15.009,55,55.69,55.25,0.44,
2025-09-10 17:08:15.062,58,55.72,55.28,0.44,
2025-09-10 17:08:15.112,55,55.71,55.28,0.43,
2025-09-10 17:08:15.161,58,55.75,55.31,0.44,
2025-09-10 17:08:15.210,55,55.74,55.31,0.43,
2025-09-10 17:08:15.263,58,55.77,55.34,0.43,
2025-09-10 17:08:15.312,55,55.76,55.33,0.42,
2025-09-10 17:08:15.361,59,55.80,55.37,0.43,
2025-09-10 17:08:15.413,55,55.79,55.37,0.42,
2025-09-10 17:08:15.464,59,55.84,55.40,0.43,
2025-09-10 17:08:15.513,56,55.84,55.41,0.43,
2025-09-10 17:08:15.562,59,55.88,55.45,0.43,
2025-09-10 17:08:15.613,55,55.87,55.44,0.43,
2025-09-10 17:08:15.664,59,55.91,55.48,0.43,
2025-09-10 17:08:15.713,56,55.91,55.48,0.43,
2025-09-10 17:08:15.763,60,55.97,55.53,0.44,
2025-09-10 17:08:15.812,56,55.97,55.53,0.44,
2025-09-10 17:08:15.865,60,56.02,55.57,0.45,
2025-09-10 17:08:15.915,56,56.02,55.58,0.44,
2025-09-10 17:08:15.963,60,56.07,55.62,0.46,
2025-09-10 17:08:16.013,57,56.09,55.63,0.46,
2025-09-10 17:08:16.066,60,56.14,55.67,0.47,
2025-09-10 17:08:16.115,57,56.15,55.68,0.47,
2025-09-10 17:08:16.164,60,56.20,55.72,0.48,
2025-09-10 17:08:16.213,57,56.21,55.73,0.48,
2025-09-10 17:08:16.266,59,56.25,55.76,0.49,
2025-09-10 17:08:16.316,57,56.26,55.77,0.48,
2025-09-10 17:08:16.365,59,56.29,55.80,0.49,
2025-09-10 17:08:16.418,57,56.30,55.81,0.49,
2025-09-10 17:08:16.467,59,56.34,55.84,0.50,
2025-09-10 17:08:16.516,57,56.35,55.85,0.50,
2025-09-10 17:08:16.565,59,56.38,55.88,0.50,
2025-09-10 17:08:16.619,57,56.39,55.89,0.50,
2025-09-10 17:08:16.668,58,56.41,55.90,0.51,
2025-09-10 17:08:16.717,58,56.43,55.92,0.51,
2025-09-10 17:08:16.766,58,56.45,55.94,0.51,
2025-09-10 17:08:16.819,58,56.47,55.95,0.51,
2025-09-10 17:08:16.868,58,56.49,55.97,0.52,
2025-09-10 17:08:16.918,58,56.51,55.99,0.52,
2025-09-10 17:08:16.967,57,56.51,55.99,0.52,
2025-09-10 17:08:17.020,58,56.53,56.01,0.52,
2025-09-10 17:08:17.069,57,56.54,56.02,0.52,
2025-09-10 17:08:17.118,59,56.57,56.04,0.52,
2025-09-10 17:08:17.168,57,56.57,56.05,0.52,
2025-09-10 17:08:17.221,59,56.60,56.07,0.53,
2025-09-10 17:08:17.270,57,56.60,56.08,0.53,
2025-09-10 17:08:17.319,60,56.65,56.11,0.54,
2025-09-10 17:08:17.368,57,56.65,56.11,0.54,
2025-09-10 17:08:17.421,60,56.69,56.14,0.55,
2025-09-10 17:08:17.471,57,56.69,56.15,0.54,
2025-09-10 17:08:17.520,60,56.73,56.18,0.55,
2025-09-10 17:08:17.572,57,56.73,56.18,0.55,
2025-09-10 17:08:17.622,61,56.78,56.22,0.57,
2025-09-10 17:08:17.671,57,56.79,56.22,0.56,
2025-09-10 17:08:17.721,61,56.84,56.26,0.58,
2025-09-10 17:08:17.774,56,56.83,56.26,0.57,
2025-09-10 17:08:17.823,61,56.87,56.29,0.59,
2025-09-10 17:08:17.872,57,56.88,56.29,0.58,
2025-09-10 17:08:17.921,61,56.92,56.33,0.60,
2025-09-10 17:08:17.974,56,56.91,56.32,0.59,
2025-09-10 17:08:18.024,61,56.96,56.36,0.60,
2025-09-10 17:08:18.073,57,56.96,56.36,0.60,
2025-09-10 17:08:18.122,61,57.01,56.39,0.62,
2025-09-10 17:08:18.175,57,57.01,56.40,0.61,
2025-09-10 17:08:18.224,61,57.05,56.43,0.63,
2025-09-10 17:08:18.273,57,57.05,56.43,0.62,
2025-09-10 17:08:18.323,61,57.10,56.46,0.64,
2025-09-10 17:08:18.376,57,57.10,56.46,0.63,
2025-09-10 17:08:18.425,61,57.14,56.49,0.65,
2025-09-10 17:08:18.474,57,57.14,56.50,0.64,
2025-09-10 17:08:18.523,60,57.17,56.52,0.65,
2025-09-10 17:08:18.576,57,57.17,56.52,0.65,
2025-09-10 17:08:18.626,60,57.20,56.54,0.66,
2025-09-10 17:08:18.675,57,57.20,56.55,0.65,
2025-09-10 17:08:18.724,60,57.23,56.57,0.66,
2025-09-10 17:08:18.780,57,57.23,56.57,0.66,
2025-09-10 17:08:18.826,60,57.26,56.59,0.67,
2025-09-10 17:08:18.875,57,57.26,56.59,0.66,
2025-09-10 17:08:18.925,59,57.28,56.61,0.67,
2025-09-10 17:08:18.978,58,57.28,56.62,0.67,
2025-09-10 17:08:19.027,59,57.30,56.63,0.67,
2025-09-10 17:08:19.076,58,57.31,56.64,0.67,
2025-09-10 17:08:19.129,59,57.33,56.65,0.68,
2025-09-10 17:08:19.182,58,57.34,56.66,0.67,
2025-09-10 17:08:19.228,59,57.35,56.68,0.68,
2025-09-10 17:08:19.282,58,57.36,56.68,0.68,
2025-09-10 17:08:19.330,58,57.37,56.69,0.68,
2025-09-10 17:08:19.380,59,57.39,56.70,0.68,
2025-09-10 17:08:19.428,58,57.39,56.71,0.68,
2025-09-10 17:08:19.478,59,57.41,56.72,0.68,
2025-09-10 17:08:19.531,58,57.41,56.73,0.68,
2025-09-10 17:08:19.580,60,57.44,56.75,0.69,
2025-09-10 17:08:19.629,57,57.44,56.75,0.69,
2025-09-10 17:08:19.678,60,57.46,56.77,0.69,
2025-09-10 17:08:19.731,57,57.46,56.77,0.69,
2025-09-10 17:08:19.781,60,57.48,56.79,0.70,
2025-09-10 17:08:19.830,57,57.48,56.79,0.69,
2025-09-10 17:08:19.879,61,57.52,56.81,0.70,
2025-09-10 17:08:19.932,57,57.51,56.81,0.70,
2025-09-10 17:08:19.981,61,57.55,56.84,0.71,
2025-09-10 17:08:20.030,57,57.54,56.84,0.70,
2025-09-10 17:08:20.081,61,57.58,56.86,0.72,
2025-09-10 17:08:20.133,57,57.57,56.86,0.71,
2025-09-10 17:08:20.182,62,57.61,56.89,0.73,
2025-09-10 17:08:20.231,57,57.61,56.89,0.72,
2025-09-10 17:08:20.284,62,57.65,56.92,0.74,
2025-09-10 17:08:20.334,57,57.65,56.92,0.73,
2025-09-10 17:08:20.383,62,57.69,56.94,0.75,
2025-09-10 17:08:20.432,57,57.68,56.94,0.74,
2025-09-10 17:08:20.485,62,57.73,56.97,0.76,
2025-09-10 17:08:20.538,57,57.72,56.97,0.75,
2025-09-10 17:08:20.583,62,57.77,57.00,0.77,
2025-09-10 17:08:20.633,57,57.76,57.00,0.76,
2025-09-10 17:08:20.686,62,57.80,57.02,0.78,
2025-09-10 17:08:20.735,58,57.80,57.03,0.78,
2025-09-10 17:08:20.784,61,57.84,57.05,0.79,
2025-09-10 17:08:20.833,57,57.83,57.05,0.78,
2025-09-10 17:08:20.886,61,57.86,57.06,0.80,
2025-09-10 17:08:20.939,58,57.86,57.07,0.79,
2025-09-10 17:08:20.987,61,57.89,57.09,0.81,
2025-09-10 17:08:21.034,58,57.90,57.09,0.80,
2025-09-10 17:08:21.087,61,57.93,57.11,0.82,
2025-09-10 17:08:21.140,58,57.93,57.12,0.81,
2025-09-10 17:08:21.187,61,57.96,57.14,0.83,
2025-09-10 17:08:21.239,58,57.96,57.14,0.82,
2025-09-10 17:08:21.288,60,57.98,57.15,0.83,
2025-09-10 17:08:21.337,58,57.98,57.16,0.82,
2025-09-10 17:08:21.386,60,58.00,57.17,0.83,
2025-09-10 17:08:21.435,58,58.00,57.17,0.83,
2025-09-10 17:08:21.489,60,58.02,57.19,0.83,
2025-09-10 17:08:21.538,59,58.03,57.20,0.84,
2025-09-10 17:08:21.587,59,58.04,57.20,0.84,
2025-09-10 17:08:21.640,59,58.05,57.21,0.84,
2025-09-10 17:08:21.690,59,58.06,57.22,0.84,
2025-09-10 17:08:21.738,59,58.07,57.23,0.84,
2025-09-10 17:08:21.788,59,58.08,57.24,0.84,
2025-09-10 17:08:21.841,59,58.09,57.25,0.84,
2025-09-10 17:08:21.890,59,58.10,57.25,0.84,
2025-09-10 17:08:21.939,60,58.11,57.27,0.85,
2025-09-10 17:08:21.988,58,58.11,57.27,0.84,
2025-09-10 17:08:22.041,60,58.13,57.28,0.85,
2025-09-10 17:08:22.091,58,58.13,57.28,0.85,
2025-09-10 17:08:22.140,61,58.16,57.30,0.86,
2025-09-10 17:08:22.189,58,58.16,57.30,0.85,
2025-09-10 17:08:22.242,61,58.18,57.32,0.86,
2025-09-10 17:08:22.291,58,58.18,57.32,0.86,
2025-09-10 17:08:22.341,61,58.21,57.34,0.87,
2025-09-10 17:08:22.390,58,58.20,57.34,0.86,
2025-09-10 17:08:22.443,62,58.24,57.36,0.88,
2025-09-10 17:08:22.492,58,58.24,57.36,0.87,
2025-09-10 17:08:22.541,62,58.27,57.38,0.89,
2025-09-10 17:08:22.591,58,58.27,57.39,0.88,
2025-09-10 17:08:22.644,62,58.31,57.41,0.90,
2025-09-10 17:08:22.693,58,58.30,57.41,0.89,
2025-09-10 17:08:22.742,62,58.34,57.43,0.91,
2025-09-10 17:08:22.791,58,58.33,57.43,0.90,
2025-09-10 17:08:22.844,62,58.37,57.45,0.92,
2025-09-10 17:08:22.894,58,58.36,57.45,0.91,
2025-09-10 17:08:22.943,63,58.41,57.48,0.93,
2025-09-10 17:08:22.996,58,58.40,57.48,0.93,
2025-09-10 17:08:23.045,62,58.44,57.50,0.94,
2025-09-10 17:08:23.094,58,58.43,57.50,0.94,
2025-09-10 17:08:23.147,62,58.47,57.52,0.95,
2025-09-10 17:08:23.203,58,58.46,57.52,0.94,
2025-09-10 17:08:23.247,62,58.50,57.54,0.96,
2025-09-10 17:08:23.295,58,58.49,57.54,0.95,
2025-09-10 17:08:23.344,62,58.52,57.56,0.97,
2025-09-10 17:08:23.397,58,58.52,57.56,0.96,
2025-09-10 17:08:23.446,62,58.55,57.58,0.98,
2025-09-10 17:08:23.496,58,58.55,57.58,0.97,
2025-09-10 17:08:23.545,61,58.57,57.59,0.98,
2025-09-10 17:08:23.598,58,58.57,57.59,0.97,
2025-09-10 17:08:23.647,61,58.59,57.61,0.98,
2025-09-10 17:08:23.696,58,58.58,57.61,0.97,
2025-09-10 17:08:23.746,61,58.61,57.62,0.98,
2025-09-10 17:08:23.799,58,58.60,57.62,0.98,
2025-09-10 17:08:23.848,60,58.61,57.63,0.98,
2025-09-10 17:08:23.897,59,58.62,57.64,0.98,
2025-09-10 17:08:23.946,60,58.63,57.65,0.98,
2025-09-10 17:08:23.999,59,58.63,57.65,0.98,
2025-09-10 17:08:24.049,60,58.65,57.66,0.98,
2025-09-10 17:08:24.098,59,58.65,57.67,0.98,
2025-09-10 17:08:24.147,60,58.66,57.68,0.99,
2025-09-10 17:08:24.200,59,58.66,57.68,0.98,
2025-09-10 17:08:24.249,59,58.67,57.69,0.98,
2025-09-10 17:08:24.298,59,58.67,57.69,0.98,
2025-09-10 17:11:25.569,42,21.00,21.00,0.00,
2025-09-10 17:11:25.569,44,29.67,28.69,0.98,
2025-09-10 17:11:25.569,42,33.32,32.03,1.29,
2025-09-10 17:11:25.569,45,36.11,34.63,1.48,
2025-09-10 17:11:25.569,43,37.50,36.03,1.47,
2025-09-10 17:11:25.569,45,38.80,37.32,1.48,
2025-09-10 17:11:25.569,44,39.59,38.16,1.43,
2025-09-10 17:11:25.569,47,40.59,39.15,1.44,
2025-09-10 17:11:25.569,46,41.25,39.84,1.42,
2025-09-10 17:11:25.569,48,42.01,40.58,1.43,
2025-09-10 17:11:25.569,46,42.42,41.04,1.39,
2025-09-10 17:11:25.569,48,42.96,41.57,1.38,
2025-09-10 17:11:25.569,46,43.23,41.89,1.34,
2025-09-10 17:11:25.569,48,43.63,42.30,1.32,
2025-09-10 17:11:25.569,46,43.81,42.53,1.28,
2025-09-10 17:11:25.569,48,44.12,42.86,1.26,
2025-09-10 17:11:25.569,46,44.25,43.03,1.22,
2025-09-10 17:11:25.569,48,44.50,43.30,1.20,
2025-09-10 17:11:25.569,46,44.59,43.43,1.16,
2025-09-10 17:11:25.569,49,44.86,43.70,1.16,
2025-09-10 17:11:25.569,46,44.92,43.80,1.12,
2025-09-10 17:11:25.569,48,45.09,43.99,1.10,
2025-09-10 17:11:25.574,46,45.14,44.07,1.07,
2025-09-10 17:11:25.627,48,45.28,44.23,1.05,
2025-09-10 17:11:25.676,46,45.32,44.30,1.02,
2025-09-10 17:11:25.725,48,45.44,44.44,1.00,
2025-09-10 17:11:25.777,46,45.47,44.49,0.97,
2025-09-10 17:11:25.827,48,45.58,44.62,0.96,
2025-09-10 17:11:25.877,46,45.59,44.66,0.93,
2025-09-10 17:11:25.926,48,45.69,44.77,0.92,
2025-09-10 17:11:25.975,46,45.70,44.81,0.89,
2025-09-10 17:11:26.028,48,45.79,44.91,0.88,
2025-09-10 17:11:26.077,47,45.83,44.97,0.86,
2025-09-10 17:11:26.126,48,45.91,45.06,0.85,
2025-09-10 17:11:26.176,47,45.95,45.11,0.84,
2025-09-10 17:11:26.229,48,46.02,45.19,0.83,
2025-09-10 17:11:26.278,47,46.05,45.24,0.81,
2025-09-10 17:11:26.327,48,46.11,45.31,0.80,
2025-09-10 17:11:26.376,47,46.14,45.35,0.79,
2025-09-10 17:11:26.429,49,46.23,45.44,0.79,
2025-09-10 17:11:26.479,48,46.28,45.50,0.78,
2025-09-10 17:11:26.528,49,46.36,45.58,0.78,
2025-09-10 17:11:26.583,48,46.41,45.64,0.77,
2025-09-10 17:11:26.630,49,46.48,45.71,0.77,
2025-09-10 17:11:26.679,48,46.52,45.76,0.76,
2025-09-10 17:11:26.729,49,46.59,45.83,0.76,
2025-09-10 17:11:26.783,49,46.66,45.90,0.76,
2025-09-10 17:11:26.831,49,46.72,45.96,0.75,
2025-09-10 17:11:26.880,49,46.78,46.03,0.75,
2025-09-10 17:11:26.929,50,46.86,46.10,0.76,
2025-09-10 17:11:26.982,49,46.92,46.16,0.76,
2025-09-10 17:11:27.032,49,46.97,46.21,0.75,
2025-09-10 17:11:27.081,49,47.02,46.27,0.75,
2025-09-10 17:11:27.130,48,47.04,46.30,0.75,
2025-09-10 17:11:27.183,49,47.09,46.35,0.74,
2025-09-10 17:11:27.232,48,47.11,46.38,0.74,
2025-09-10 17:11:27.281,49,47.16,46.42,0.73,
2025-09-10 17:11:27.331,48,47.17,46.45,0.73,
2025-09-10 17:11:27.384,49,47.22,46.49,0.72,
2025-09-10 17:11:27.433,48,47.23,46.52,0.72,
2025-09-10 17:11:27.482,49,47.27,46.56,0.71,
2025-09-10 17:11:27.531,48,47.29,46.58,0.71,
2025-09-10 17:11:27.585,50,47.34,46.63,0.71,
2025-09-10 17:11:27.634,48,47.36,46.66,0.70,
2025-09-10 17:11:27.683,50,47.41,46.71,0.71,
2025-09-10 17:11:27.734,48,47.42,46.73,0.70,
2025-09-10 17:11:27.785,50,47.48,46.77,0.70,
2025-09-10 17:11:27.834,48,47.49,46.79,0.69,
2025-09-10 17:11:27.884,50,47.54,46.84,0.70,
2025-09-10 17:11:27.937,48,47.54,46.86,0.69,
2025-09-10 17:11:27.986,50,47.59,46.90,0.69,
2025-09-10 17:11:28.035,48,47.60,46.91,0.68,
2025-09-10 17:11:28.084,50,47.64,46.96,0.69,
2025-09-10 17:11:28.138,48,47.65,46.97,0.68,
2025-09-10 17:11:28.187,50,47.69,47.01,0.68,
2025-09-10 17:11:28.236,48,47.70,47.02,0.68,
2025-09-10 17:11:28.285,51,47.76,47.08,0.68,
2025-09-10 17:11:28.338,48,47.76,47.09,0.67,
2025-09-10 17:11:28.387,51,47.82,47.14,0.68,
2025-09-10 17:11:28.437,48,47.82,47.15,0.67,
2025-09-10 17:11:28.486,51,47.88,47.19,0.68,
2025-09-10 17:11:28.539,48,47.88,47.20,0.67,
2025-09-10 17:11:28.588,51,47.93,47.25,0.68,
2025-09-10 17:11:28.637,48,47.93,47.26,0.67,
2025-09-10 17:11:28.687,51,47.98,47.30,0.68,
2025-09-10 17:11:28.740,48,47.98,47.31,0.67,
2025-09-10 17:11:28.789,51,48.03,47.35,0.68,
2025-09-10 17:11:28.838,48,48.03,47.36,0.67,
2025-09-10 17:11:28.887,51,48.08,47.40,0.68,
2025-09-10 17:11:28.940,48,48.08,47.41,0.67,
2025-09-10 17:11:28.989,51,48.12,47.45,0.68,
2025-09-10 17:11:29.039,48,48.12,47.45,0.67,
2025-09-10 17:11:29.088,51,48.17,47.49,0.67,
2025-09-10 17:11:29.141,49,48.18,47.51,0.67,
2025-09-10 17:11:29.190,51,48.22,47.55,0.68,
2025-09-10 17:11:29.240,49,48.24,47.56,0.67,
2025-09-10 17:11:29.293,51,48.28,47.60,0.68,
2025-09-10 17:11:29.342,49,48.29,47.61,0.68,
2025-09-10 17:11:29.391,50,48.31,47.63,0.68,
2025-09-10 17:11:29.440,49,48.32,47.65,0.68,
2025-09-10 17:11:29.493,50,48.35,47.67,0.68,
2025-09-10 17:11:29.542,49,48.36,47.68,0.67,
2025-09-10 17:11:29.592,50,48.38,47.71,0.67,
2025-09-10 17:11:29.641,49,48.39,47.72,0.67,
2025-09-10 17:11:29.694,50,48.41,47.74,0.67,
2025-09-10 17:11:29.743,49,48.42,47.75,0.67,
2025-09-10 17:11:29.792,50,48.44,47.77,0.67,
2025-09-10 17:11:29.842,49,48.45,47.79,0.66,
2025-09-10 17:11:29.895,50,48.47,47.81,0.67,
2025-09-10 17:11:29.944,49,48.48,47.82,0.66,
2025-09-10 17:11:29.993,50,48.50,47.84,0.66,
2025-09-10 17:11:30.042,49,48.51,47.85,0.66,
2025-09-10 17:11:30.095,50,48.53,47.87,0.66,
2025-09-10 17:11:30.145,50,48.55,47.89,0.66,
2025-09-10 17:11:30.194,51,48.58,47.91,0.66,
2025-09-10 17:11:30.243,50,48.60,47.93,0.67,
2025-09-10 17:11:30.296,50,48.61,47.95,0.67,
2025-09-10 17:11:30.345,51,48.64,47.97,0.67,
2025-09-10 17:11:30.394,50,48.66,47.99,0.67,
2025-09-10 17:11:30.444,50,48.68,48.01,0.67,
2025-09-10 17:11:30.497,50,48.70,48.02,0.67,
2025-09-10 17:11:30.546,51,48.73,48.05,0.68,
2025-09-10 17:11:30.595,50,48.74,48.07,0.68,
2025-09-10 17:11:30.648,51,48.77,48.09,0.68,
2025-09-10 17:11:30.697,50,48.79,48.10,0.68,
2025-09-10 17:11:30.747,51,48.81,48.13,0.69,
2025-09-10 17:11:30.796,50,48.83,48.14,0.68,
2025-09-10 17:11:30.849,51,48.85,48.17,0.69,
2025-09-10 17:11:30.900,50,48.87,48.18,0.69,
2025-09-10 17:11:30.947,51,48.89,48.20,0.69,
2025-09-10 17:11:30.996,49,48.90,48.21,0.69,
2025-09-10 17:11:31.050,51,48.92,48.23,0.69,
2025-09-10 17:11:31.100,49,48.92,48.23,0.69,
2025-09-10 17:11:31.148,51,48.95,48.26,0.69,
2025-09-10 17:11:31.197,49,48.95,48.26,0.69,
2025-09-10 17:11:31.250,51,48.97,48.28,0.69,
2025-09-10 17:11:31.302,49,48.97,48.29,0.69,
2025-09-10 17:11:31.350,51,49.00,48.31,0.69,
2025-09-10 17:11:31.401,49,49.00,48.31,0.68,
2025-09-10 17:11:31.451,51,49.02,48.33,0.69,
2025-09-10 17:11:31.500,49,49.02,48.34,0.68,
2025-09-10 17:11:31.549,51,49.04,48.35,0.69,
2025-09-10 17:11:31.599,49,49.04,48.36,0.68,
2025-09-10 17:11:31.652,51,49.06,48.38,0.68,
2025-09-10 17:11:31.701,49,49.06,48.38,0.68,
2025-09-10 17:11:31.750,51,49.08,48.40,0.68,
2025-09-10 17:11:31.803,49,49.08,48.40,0.68,
2025-09-10 17:11:31.852,52,49.11,48.43,0.69,
2025-09-10 17:11:31.902,49,49.11,48.43,0.68,
2025-09-10 17:11:31.951,52,49.14,48.46,0.69,
2025-09-10 17:11:32.004,49,49.14,48.46,0.68,
2025-09-10 17:11:32.053,52,49.17,48.48,0.69,
2025-09-10 17:11:32.102,49,49.17,48.49,0.68,
2025-09-10 17:11:32.152,52,49.20,48.51,0.69,
2025-09-10 17:11:32.205,49,49.20,48.51,0.69,
2025-09-10 17:11:32.254,52,49.23,48.54,0.69,
2025-09-10 17:11:32.303,49,49.23,48.54,0.69,
2025-09-10 17:11:32.352,52,49.26,48.56,0.70,
2025-09-10 17:11:32.405,49,49.25,48.56,0.69,
2025-09-10 17:11:32.455,52,49.28,48.59,0.70,
2025-09-10 17:11:32.504,49,49.28,48.59,0.69,
2025-09-10 17:11:32.553,52,49.31,48.61,0.70,
2025-09-10 17:11:32.607,49,49.30,48.61,0.69,
2025-09-10 17:11:32.655,51,49.32,48.63,0.70,
2025-09-10 17:11:32.704,49,49.32,48.63,0.69,
2025-09-10 17:11:32.754,51,49.34,48.64,0.69,
2025-09-10 17:11:32.808,49,49.33,48.65,0.69,
2025-09-10 17:11:32.859,51,49.35,48.66,0.69,
2025-09-10 17:11:32.905,49,49.35,48.66,0.68,
2025-09-10 17:11:32.954,51,49.36,48.68,0.69,
2025-09-10 17:11:33.008,50,49.37,48.68,0.69,
2025-09-10 17:11:33.057,51,49.39,48.70,0.69,
2025-09-10 17:11:33.106,50,49.39,48.70,0.69,
2025-09-10 17:11:33.159,51,49.41,48.72,0.69,
2025-09-10 17:11:33.208,50,49.41,48.73,0.69,
2025-09-10 17:11:33.257,51,49.43,48.74,0.69,
2025-09-10 17:11:33.309,50,49.43,48.75,0.69,
2025-09-10 17:11:33.360,51,49.45,48.76,0.69,
2025-09-10 17:11:33.411,50,49.45,48.77,0.69,
2025-09-10 17:11:33.458,51,49.47,48.78,0.69,
2025-09-10 17:11:33.507,50,49.47,48.79,0.69,
2025-09-10 17:11:33.560,50,49.48,48.79,0.69,
2025-09-10 17:11:33.610,50,49.48,48.80,0.69,
2025-09-10 17:11:33.659,50,49.49,48.81,0.68,
2025-09-10 17:11:33.708,51,49.50,48.82,0.69,
2025-09-10 17:11:33.761,50,49.51,48.82,0.68,
2025-09-10 17:11:33.810,51,49.52,48.84,0.69,
2025-09-10 17:11:33.859,50,49.53,48.84,0.68,
2025-09-10 17:11:33.909,51,49.54,48.85,0.69,
2025-09-10 17:11:33.962,50,49.54,48.86,0.68,
2025-09-10 17:11:34.011,51,49.56,48.87,0.69,
2025-09-10 17:11:34.060,50,49.56,48.88,0.68,
2025-09-10 17:11:34.109,52,49.58,48.89,0.69,
2025-09-10 17:11:34.163,50,49.59,48.90,0.69,
2025-09-10 17:11:34.212,51,49.60,48.91,0.69,
2025-09-10 17:11:34.261,50,49.60,48.92,0.69,
2025-09-10 17:11:34.310,51,49.62,48.93,0.69,
2025-09-10 17:11:34.363,50,49.62,48.93,0.69,
2025-09-10 17:11:34.412,52,49.64,48.95,0.69,
2025-09-10 17:11:34.462,50,49.64,48.95,0.69,
2025-09-10 17:11:34.515,52,49.66,48.97,0.70,
2025-09-10 17:11:34.564,50,49.67,48.97,0.69,
2025-09-10 17:11:34.613,52,49.69,48.99,0.70,
2025-09-10 17:11:34.662,50,49.69,48.99,0.70,
2025-09-10 17:11:34.717,52,49.71,49.01,0.70,
2025-09-10 17:11:34.765,50,49.71,49.01,0.70,
2025-09-10 17:11:34.814,52,49.73,49.03,0.70,
2025-09-10 17:11:34.863,50,49.74,49.03,0.70,
2025-09-10 17:11:34.916,52,49.75,49.05,0.71,
2025-09-10 17:11:34.965,50,49.76,49.05,0.71,
2025-09-10 17:11:35.014,52,49.78,49.07,0.71,
2025-09-10 17:11:35.064,50,49.78,49.07,0.71,
2025-09-10 17:11:35.117,52,49.80,49.08,0.71,
2025-09-10 17:11:35.168,50,49.80,49.09,0.71,
2025-09-10 17:11:35.217,52,49.82,49.10,0.71,
2025-09-10 17:11:35.264,50,49.82,49.11,0.71,
2025-09-10 17:11:35.318,52,49.84,49.12,0.72,
2025-09-10 17:11:35.367,50,49.84,49.12,0.71,
2025-09-10 17:11:35.419,52,49.86,49.14,0.72,
2025-09-10 17:11:35.466,50,49.86,49.14,0.72,
2025-09-10 17:11:35.518,52,49.88,49.16,0.72,
2025-09-10 17:11:35.568,50,49.88,49.16,0.72,
2025-09-10 17:11:35.617,52,49.90,49.17,0.72,
2025-09-10 17:11:35.669,50,49.90,49.18,0.72,
2025-09-10 17:11:35.719,52,49.91,49.19,0.72,
2025-09-10 17:11:35.768,50,49.91,49.19,0.72,
2025-09-10 17:11:35.817,52,49.93,49.20,0.73,
2025-09-10 17:11:35.871,50,49.93,49.21,0.72,
2025-09-10 17:11:35.920,52,49.95,49.22,0.73,
2025-09-10 17:11:35.969,50,49.95,49.22,0.73,
2025-09-10 17:11:36.019,52,49.97,49.24,0.73,
2025-09-10 17:11:36.071,50,49.97,49.24,0.73,
2025-09-10 17:11:36.120,51,49.97,49.25,0.73,
2025-09-10 17:11:36.170,50,49.97,49.25,0.72,
2025-09-10 17:11:36.219,52,49.99,49.26,0.73,
2025-09-10 17:11:36.272,50,49.99,49.27,0.73,
2025-09-10 17:11:36.321,52,50.01,49.28,0.73,
2025-09-10 17:11:36.370,50,50.01,49.28,0.73,
2025-09-10 17:11:36.419,51,50.01,49.29,0.73,
2025-09-10 17:11:36.473,50,50.01,49.29,0.72,
2025-09-10 17:11:36.522,51,50.02,49.30,0.72,
2025-09-10 17:11:36.571,50,50.02,49.30,0.72,
2025-09-10 17:11:36.620,51,50.03,49.31,0.72,
2025-09-10 17:11:36.676,50,50.03,49.31,0.72,
2025-09-10 17:11:36.722,51,50.04,49.32,0.72,
2025-09-10 17:11:36.772,51,50.04,49.33,0.72,
2025-09-10 17:11:36.821,51,50.05,49.33,0.72,
2025-09-10 17:11:36.874,51,50.06,49.34,0.72,
2025-09-10 17:11:36.923,50,50.06,49.34,0.72,
2025-09-10 17:11:36.972,51,50.07,49.35,0.72,
2025-09-10 17:11:37.021,50,50.06,49.35,0.71,
2025-09-10 17:11:37.075,51,50.07,49.36,0.71,
2025-09-10 17:11:37.124,50,50.07,49.36,0.71,
2025-09-10 17:11:37.173,51,50.08,49.37,0.71,
2025-09-10 17:11:37.226,50,50.08,49.37,0.71,
2025-09-10 17:11:37.275,52,50.09,49.38,0.71,
2025-09-10 17:11:37.325,50,50.09,49.38,0.71,
2025-09-10 17:11:37.374,52,50.10,49.39,0.71,
2025-09-10 17:11:37.427,50,50.10,49.40,0.71,
2025-09-10 17:11:37.476,52,50.12,49.41,0.71,
2025-09-10 17:11:37.525,50,50.12,49.41,0.71,
2025-09-10 17:11:37.575,52,50.13,49.42,0.71,
2025-09-10 17:11:37.628,50,50.13,49.42,0.71,
2025-09-10 17:11:37.677,52,50.14,49.43,0.71,
2025-09-10 17:11:37.726,50,50.14,49.43,0.71,
2025-09-10 17:11:37.775,52,50.16,49.44,0.71,
2025-09-10 17:11:37.828,50,50.15,49.44,0.71,
2025-09-10 17:11:37.877,53,50.17,49.46,0.72,
2025-09-10 17:11:37.927,50,50.17,49.46,0.71,
2025-09-10 17:11:37.976,52,50.19,49.47,0.72,
2025-09-10 17:11:38.029,50,50.18,49.47,0.71,
2025-09-10 17:11:38.078,53,50.20,49.48,0.72,
2025-09-10 17:11:38.127,50,50.20,49.49,0.72,
2025-09-10 17:11:38.177,53,50.22,49.50,0.72,
2025-09-10 17:11:38.230,50,50.22,49.50,0.72,
2025-09-10 17:11:38.279,53,50.24,49.51,0.73,
2025-09-10 17:11:38.328,50,50.24,49.52,0.72,
2025-09-10 17:11:38.377,53,50.26,49.53,0.73,
2025-09-10 17:11:38.430,50,50.26,49.53,0.73,
2025-09-10 17:11:38.480,53,50.28,49.54,0.73,
2025-09-10 17:11:38.529,50,50.27,49.55,0.73,
2025-09-10 17:11:38.582,53,50.29,49.56,0.74,
2025-09-10 17:11:38.631,50,50.29,49.56,0.73,
2025-09-10 17:11:38.680,53,50.31,49.57,0.74,
2025-09-10 17:11:38.730,50,50.31,49.57,0.74,
2025-09-10 17:11:38.783,53,50.33,49.59,0.74,
2025-09-10 17:11:38.832,50,50.33,49.59,0.74,
2025-09-10 17:11:38.881,52,50.34,49.60,0.74,
2025-09-10 17:11:38.930,50,50.34,49.60,0.74,
2025-09-10 17:11:38.983,52,50.35,49.61,0.74,
2025-09-10 17:11:39.033,50,50.34,49.61,0.74,
2025-09-10 17:11:39.082,52,50.36,49.62,0.74,
2025-09-10 17:11:39.131,50,50.35,49.62,0.74,
2025-09-10 17:11:39.184,52,50.37,49.62,0.74,
2025-09-10 17:11:39.233,50,50.36,49.63,0.74,
2025-09-10 17:11:39.282,52,50.37,49.63,0.74,
2025-09-10 17:11:39.332,51,50.38,49.64,0.74,
2025-09-10 17:11:39.385,52,50.39,49.65,0.74,
2025-09-10 17:11:39.434,51,50.39,49.65,0.74,
2025-09-10 17:11:39.483,52,50.41,49.66,0.75,
2025-09-10 17:11:39.532,51,50.41,49.66,0.75,
2025-09-10 17:11:39.585,52,50.42,49.67,0.75,
2025-09-10 17:11:39.635,51,50.42,49.68,0.75,
2025-09-10 17:11:39.684,51,50.43,49.68,0.75,
2025-09-10 17:11:39.733,51,50.43,49.69,0.75,
2025-09-10 17:11:39.786,51,50.44,49.69,0.75,
2025-09-10 17:11:39.835,51,50.44,49.69,0.75,
2025-09-10 17:11:39.885,51,50.44,49.70,0.75,
2025-09-10 17:11:39.938,51,50.45,49.70,0.74,
2025-09-10 17:11:39.987,51,50.45,49.71,0.74,
2025-09-10 17:11:40.036,52,50.46,49.71,0.75,
2025-09-10 17:11:40.086,51,50.47,49.72,0.75,
2025-09-10 17:11:40.139,52,50.48,49.73,0.75,
2025-09-10 17:11:40.188,51,50.48,49.73,0.75,
2025-09-10 17:11:40.237,52,50.49,49.74,0.75,
2025-09-10 17:11:40.286,51,50.49,49.74,0.75,
2025-09-10 17:11:40.339,52,50.50,49.75,0.75,
2025-09-10 17:11:40.388,51,50.51,49.75,0.75,
2025-09-10 17:11:40.437,52,50.52,49.76,0.76,
2025-09-10 17:11:40.487,51,50.52,49.76,0.75,
2025-09-10 17:11:40.540,53,50.54,49.78,0.76,
2025-09-10 17:11:40.589,51,50.54,49.78,0.76,
2025-09-10 17:11:40.638,53,50.56,49.79,0.77,
2025-09-10 17:11:40.687,51,50.56,49.79,0.77,
2025-09-10 17:11:40.741,53,50.57,49.80,0.77,
2025-09-10 17:11:40.790,51,50.58,49.81,0.77,
2025-09-10 17:11:40.839,53,50.59,49.82,0.78,
2025-09-10 17:11:40.888,51,50.60,49.82,0.78,
2025-09-10 17:11:40.941,53,50.61,49.83,0.78,
2025-09-10 17:11:40.990,50,50.61,49.83,0.78,
2025-09-10 17:11:41.039,53,50.62,49.84,0.78,
2025-09-10 17:11:41.089,51,50.63,49.84,0.78,
2025-09-10 17:11:41.142,53,50.64,49.85,0.79,
2025-09-10 17:11:41.191,51,50.64,49.86,0.79,
2025-09-10 17:11:41.240,53,50.66,49.87,0.79,
2025-09-10 17:11:41.293,51,50.66,49.87,0.79,
2025-09-10 17:11:41.343,54,50.69,49.88,0.80,
2025-09-10 17:11:41.392,51,50.69,49.89,0.80,
2025-09-10 17:11:41.442,54,50.71,49.90,0.81,
2025-09-10 17:11:41.494,51,50.71,49.90,0.81,
2025-09-10 17:11:41.543,53,50.73,49.91,0.81,
2025-09-10 17:11:41.592,51,50.73,49.92,0.81,
2025-09-10 17:11:41.642,54,50.75,49.93,0.82,
2025-09-10 17:11:41.695,51,50.75,49.93,0.82,
2025-09-10 17:11:41.744,53,50.77,49.94,0.83,
2025-09-10 17:11:41.793,51,50.77,49.94,0.83,
2025-09-10 17:11:41.843,53,50.78,49.95,0.83,
2025-09-10 17:11:41.896,51,50.79,49.96,0.83,
2025-09-10 17:11:41.945,53,50.80,49.96,0.84,
2025-09-10 17:11:41.994,51,50.80,49.97,0.83,
2025-09-10 17:11:42.043,53,50.82,49.98,0.84,
2025-09-10 17:11:42.096,51,50.82,49.98,0.84,
2025-09-10 17:11:42.145,53,50.83,49.99,0.84,
2025-09-10 17:11:42.195,51,50.83,49.99,0.84,
2025-09-10 17:11:42.244,53,50.85,50.00,0.85,
2025-09-10 17:11:42.297,51,50.85,50.00,0.85,
2025-09-10 17:11:42.346,53,50.86,50.01,0.85,
2025-09-10 17:11:42.395,51,50.86,50.01,0.85,
2025-09-10 17:11:42.449,53,50.88,50.02,0.86,
2025-09-10 17:11:42.500,51,50.88,50.03,0.85,
2025-09-10 17:11:42.550,53,50.89,50.03,0.86,
2025-09-10 17:11:42.596,51,50.89,50.04,0.86,
2025-09-10 17:11:42.649,52,50.90,50.04,0.86,
2025-09-10 17:11:42.698,52,50.91,50.05,0.86,
2025-09-10 17:11:42.748,52,50.92,50.05,0.86,
2025-09-10 17:11:42.797,52,50.92,50.06,0.86,
2025-09-10 17:11:42.850,52,50.93,50.06,0.87,
2025-09-10 17:11:42.899,51,50.93,50.07,0.86,
2025-09-10 17:11:42.950,47,50.90,50.06,0.85,
2025-09-10 17:11:43.001,41,50.84,50.03,0.81,
2025-09-10 17:11:43.051,35,50.73,49.99,0.74,
2025-09-10 17:11:43.100,34,50.61,49.95,0.66,
2025-09-10 17:11:43.149,31,50.45,49.89,0.55,
2025-09-10 17:11:43.198,32,50.29,49.84,0.44,
2025-09-10 17:11:43.251,29,50.09,49.79,0.30,
2025-09-10 17:11:43.303,31,49.89,49.73,0.16,
2025-09-10 17:11:43.350,25,49.62,49.67,-0.05,
2025-09-10 17:11:43.399,24,49.30,49.60,-0.30,
2025-09-10 17:11:43.452,10,48.76,49.49,-0.73,
2025-09-10 17:11:43.501,2,48.00,49.35,-1.35,
2025-09-10 17:11:43.550,2,47.10,49.22,-2.12,
2025-09-10 17:11:43.600,11,46.25,49.12,-2.87,
2025-09-10 17:11:43.653,14,45.38,49.02,-3.64,
2025-09-10 17:11:43.702,22,44.67,48.94,-4.28,
2025-09-10 17:11:43.751,25,44.02,48.88,-4.86,
2025-09-10 17:11:43.801,36,43.74,48.84,-5.10,
2025-09-10 17:11:43.853,37,43.51,48.81,-5.30,
2025-09-10 17:11:43.902,42,43.45,48.79,-5.34,
2025-09-10 17:11:43.952,39,43.30,48.76,-5.46,
2025-09-10 17:11:44.005,43,43.29,48.75,-5.45,
2025-09-10 17:11:44.054,40,43.18,48.72,-5.54,
2025-09-10 17:11:44.103,44,43.21,48.71,-5.50,
2025-09-10 17:11:44.152,42,43.17,48.69,-5.52,
2025-09-10 17:11:44.206,46,43.26,48.68,-5.42,
2025-09-10 17:11:44.255,43,43.25,48.67,-5.42,
2025-09-10 17:11:44.304,45,43.30,48.66,-5.36,
2025-09-10 17:11:44.353,43,43.29,48.64,-5.35,
2025-09-10 17:11:44.408,45,43.34,48.63,-5.29,
2025-09-10 17:11:44.456,42,43.30,48.61,-5.31,
2025-09-10 17:11:44.505,44,43.32,48.60,-5.28,
2025-09-10 17:11:44.554,40,43.24,48.58,-5.34,
2025-09-10 17:11:44.607,39,43.13,48.55,-5.43,
2025-09-10 17:11:44.656,29,42.76,48.50,-5.74,
2025-09-10 17:11:44.706,21,42.18,48.43,-6.24,
2025-09-10 17:11:44.755,5,41.11,48.31,-7.20,
2025-09-10 17:11:44.808,27,40.65,48.25,-7.61,
2025-09-10 17:11:44.858,38,40.56,48.22,-7.67,
2025-09-10 17:11:44.907,45,40.70,48.22,-7.51,
2025-09-10 17:11:44.959,44,40.81,48.20,-7.39,
2025-09-10 17:11:45.008,47,41.01,48.20,-7.19,
2025-09-10 17:11:45.061,45,41.14,48.19,-7.05,
2025-09-10 17:11:45.107,46,41.30,48.19,-6.89,
2025-09-10 17:11:45.157,44,41.38,48.18,-6.79,
2025-09-10 17:11:45.209,45,41.50,48.17,-6.67,
2025-09-10 17:11:45.258,36,41.33,48.14,-6.81,
2025-09-10 17:11:45.309,20,40.67,48.06,-7.39,
2025-09-10 17:11:45.357,0,39.34,47.93,-8.59,
2025-09-10 17:11:45.410,19,38.57,47.86,-9.29,
2025-09-10 17:11:45.459,37,38.51,47.83,-9.32,
2025-09-10 17:11:45.508,45,38.76,47.82,-9.06,
2025-09-10 17:11:45.561,46,39.04,47.82,-8.78,
2025-09-10 17:11:45.611,48,39.38,47.82,-8.43,
2025-09-10 17:11:45.660,48,39.72,47.82,-8.10,
2025-09-10 17:11:45.709,49,40.08,47.82,-7.75,
2025-09-10 17:11:45.762,49,40.42,47.82,-7.40,
2025-09-10 17:11:45.811,49,40.76,47.83,-7.07,
2025-09-10 17:11:45.860,48,41.04,47.83,-6.79,
2025-09-10 17:11:45.910,49,41.35,47.83,-6.48,
2025-09-10 17:11:45.963,48,41.61,47.83,-6.22,
2025-09-10 17:11:46.012,48,41.86,47.83,-5.97,
2025-09-10 17:11:46.061,47,42.06,47.83,-5.77,
2025-09-10 17:11:46.110,47,42.24,47.83,-5.58,
2025-09-10 17:11:46.163,47,42.42,47.82,-5.40,
2025-09-10 17:11:46.213,46,42.55,47.82,-5.27,
2025-09-10 17:11:46.262,46,42.68,47.82,-5.14,
2025-09-10 17:11:46.311,45,42.76,47.81,-5.05,
2025-09-10 17:11:46.367,46,42.87,47.80,-4.93,
2025-09-10 17:11:46.413,46,42.98,47.80,-4.82,
2025-09-10 17:11:46.462,47,43.11,47.80,-4.68,
2025-09-10 17:11:46.512,46,43.21,47.79,-4.58,
2025-09-10 17:11:46.568,48,43.36,47.79,-4.43,
2025-09-10 17:11:46.614,47,43.48,47.79,-4.31,
2025-09-10 17:11:46.664,48,43.62,47.79,-4.17,
2025-09-10 17:11:46.718,47,43.73,47.79,-4.06,
2025-09-10 17:11:46.766,49,43.89,47.79,-3.90,
2025-09-10 17:11:46.815,48,44.02,47.79,-3.78,
2025-09-10 17:11:46.867,50,44.20,47.80,-3.60,
2025-09-10 17:11:46.917,48,44.31,47.80,-3.48,
2025-09-10 17:11:46.966,50,44.49,47.80,-3.32,
2025-09-10 17:11:47.015,48,44.59,47.81,-3.21,
2025-09-10 17:11:47.065,50,44.75,47.81,-3.06,
2025-09-10 17:11:47.118,48,44.85,47.81,-2.97,
2025-09-10 17:11:47.167,50,45.00,47.82,-2.82,
2025-09-10 17:11:47.216,48,45.08,47.82,-2.73,
2025-09-10 17:11:47.265,51,45.25,47.82,-2.57,
2025-09-10 17:11:47.319,48,45.33,47.82,-2.49,
2025-09-10 17:11:47.368,52,45.52,47.84,-2.32,
2025-09-10 17:11:47.417,50,45.64,47.84,-2.20,
2025-09-10 17:11:47.466,54,45.88,47.86,-1.98,
2025-09-10 17:11:47.519,53,46.08,47.87,-1.79,
2025-09-10 17:11:47.568,56,46.36,47.89,-1.52,
2025-09-10 17:11:47.618,54,46.59,47.90,-1.31,
2025-09-10 17:11:47.667,57,46.89,47.92,-1.03,
2025-09-10 17:11:47.720,54,47.11,47.94,-0.83,
2025-09-10 17:11:47.769,56,47.37,47.96,-0.58,
2025-09-10 17:11:47.818,53,47.54,47.97,-0.42,
2025-09-10 17:11:47.867,56,47.80,47.99,-0.19,
2025-09-10 17:11:47.921,53,47.96,48.00,-0.04,
2025-09-10 17:11:47.970,55,48.18,48.02,0.16,
2025-09-10 17:11:48.019,52,48.29,48.03,0.27,
2025-09-10 17:11:48.072,52,48.40,48.04,0.37,
2025-09-10 17:11:48.121,46,48.33,48.03,0.30,
2025-09-10 17:11:48.170,46,48.26,48.03,0.24,
2025-09-10 17:11:48.220,46,48.20,48.02,0.18,
2025-09-10 17:11:48.273,52,48.31,48.03,0.28,
2025-09-10 17:11:48.322,53,48.44,48.04,0.40,
2025-09-10 17:11:48.371,57,48.68,48.06,0.62,
2025-09-10 17:11:48.420,57,48.91,48.08,0.83,
2025-09-10 17:11:48.473,60,49.23,48.11,1.12,
2025-09-10 17:11:48.523,59,49.52,48.14,1.38,
2025-09-10 17:11:48.572,61,49.86,48.17,1.69,
2025-09-10 17:11:48.621,60,50.17,48.19,1.98,
2025-09-10 17:11:48.674,60,50.48,48.22,2.26,
2025-09-10 17:11:48.725,59,50.75,48.25,2.50,
2025-09-10 17:11:48.776,60,51.04,48.27,2.77,
2025-09-10 17:11:48.822,59,51.30,48.30,3.00,
2025-09-10 17:11:48.875,59,51.55,48.32,3.23,
2025-09-10 17:11:48.924,59,51.79,48.35,3.45,
2025-09-10 17:11:48.973,59,52.03,48.37,3.66,
2025-09-10 17:11:49.023,59,52.26,48.40,3.86,
2025-09-10 17:11:49.076,59,52.48,48.42,4.06,
2025-09-10 17:20:04.847,62,31.00,31.00,0.00,
2025-09-10 17:20:04.847,59,42.08,40.37,1.71,
2025-09-10 17:20:04.847,62,48.27,45.81,2.47,
2025-09-10 17:20:04.847,59,51.01,48.46,2.55,
2025-09-10 17:20:04.847,63,53.54,50.90,2.65,
2025-09-10 17:20:04.847,59,54.54,52.06,2.48,
2025-09-10 17:20:04.847,63,55.88,53.44,2.44,
2025-09-10 17:20:04.847,59,56.33,54.06,2.26,
2025-09-10 17:20:04.847,63,57.17,54.96,2.20,
2025-09-10 17:20:04.847,59,57.38,55.33,2.05,
2025-09-10 17:20:04.847,63,57.96,55.97,1.99,
2025-09-10 17:20:04.847,59,58.06,56.21,1.85,
2025-09-10 17:20:04.847,63,58.50,56.70,1.80,
2025-09-10 17:20:04.847,59,58.54,56.85,1.69,
2025-09-10 17:20:04.847,63,58.88,57.24,1.65,
2025-09-10 17:20:04.847,59,58.89,57.34,1.55,
2025-09-10 17:20:04.847,63,59.17,57.66,1.51,
2025-09-10 17:20:04.847,59,59.16,57.73,1.43,
2025-09-10 17:20:04.847,63,59.39,57.99,1.40,
2025-09-10 17:20:04.847,59,59.37,58.04,1.33,
2025-09-10 17:20:04.847,63,59.57,58.27,1.30,
2025-09-10 17:20:04.847,59,59.54,58.30,1.24,
2025-09-10 17:20:04.856,63,59.72,58.50,1.22,
2025-09-10 17:20:04.905,59,59.68,58.52,1.16,
2025-09-10 17:20:04.955,62,59.79,58.65,1.14,
2025-09-10 17:20:05.004,59,59.76,58.67,1.09,
2025-09-10 17:20:05.057,62,59.85,58.79,1.07,
2025-09-10 17:20:05.106,59,59.82,58.79,1.02,
2025-09-10 17:20:05.155,62,59.91,58.90,1.00,
2025-09-10 17:20:05.204,60,59.91,58.94,0.97,
2025-09-10 17:20:05.258,62,59.99,59.03,0.96,
2025-09-10 17:20:05.307,60,59.99,59.06,0.93,
2025-09-10 17:20:05.356,61,60.03,59.12,0.91,
2025-09-10 17:20:05.409,60,60.02,59.15,0.88,
2025-09-10 17:20:05.458,61,60.06,59.20,0.86,
2025-09-10 17:20:05.507,60,60.06,59.22,0.84,
2025-09-10 17:20:05.557,61,60.09,59.27,0.82,
2025-09-10 17:20:05.610,60,60.08,59.29,0.80,
2025-09-10 17:20:05.659,60,60.08,59.30,0.78,
2025-09-10 17:20:05.708,60,60.08,59.32,0.76,
2025-09-10 17:20:05.757,60,60.08,59.34,0.74,
2025-09-10 17:20:05.810,61,60.10,59.38,0.73,
2025-09-10 17:20:05.860,60,60.10,59.39,0.71,
2025-09-10 17:20:05.909,61,60.12,59.43,0.70,
2025-09-10 17:20:05.958,60,60.12,59.44,0.68,
2025-09-10 17:20:06.011,61,60.14,59.47,0.67,
2025-09-10 17:20:06.060,59,60.11,59.46,0.65,
2025-09-10 17:20:06.110,61,60.13,59.49,0.64,
2025-09-10 17:20:06.159,59,60.11,59.48,0.62,
2025-09-10 17:20:06.212,62,60.15,59.53,0.62,
2025-09-10 17:20:06.261,59,60.12,59.52,0.60,
2025-09-10 17:20:06.310,62,60.17,59.57,0.60,
2025-09-10 17:20:06.359,59,60.14,59.56,0.58,
2025-09-10 17:20:06.413,62,60.18,59.60,0.58,
2025-09-10 17:20:06.462,59,60.16,59.59,0.56,
2025-09-10 17:20:06.511,62,60.20,59.64,0.56,
2025-09-10 17:20:06.560,59,60.17,59.62,0.55,
2025-09-10 17:20:06.613,62,60.21,59.66,0.54,
2025-09-10 17:20:06.662,59,60.18,59.65,0.53,
2025-09-10 17:20:06.712,63,60.24,59.71,0.53,
2025-09-10 17:20:06.765,59,60.22,59.70,0.52,
2025-09-10 17:20:06.814,63,60.27,59.75,0.52,
2025-09-10 17:20:06.863,59,60.25,59.74,0.51,
2025-09-10 17:20:06.912,63,60.30,59.79,0.51,
2025-09-10 17:20:06.966,59,60.27,59.78,0.50,
2025-09-10 17:20:07.015,63,60.32,59.83,0.50,
2025-09-10 17:20:07.064,59,60.30,59.81,0.49,
2025-09-10 17:20:07.113,63,60.35,59.86,0.49,
2025-09-10 17:20:07.166,59,60.33,59.85,0.48,
2025-09-10 17:20:07.215,63,60.37,59.89,0.48,
2025-09-10 17:20:07.265,59,60.35,59.88,0.47,
2025-09-10 17:20:07.314,62,60.38,59.91,0.47,
2025-09-10 17:20:07.367,59,60.35,59.90,0.46,
2025-09-10 17:20:07.416,62,60.38,59.92,0.46,
2025-09-10 17:20:07.465,59,60.36,59.91,0.45,
2025-09-10 17:20:07.514,62,60.39,59.94,0.45,
2025-09-10 17:20:07.568,59,60.36,59.93,0.44,
2025-09-10 17:20:07.617,62,60.39,59.95,0.44,
2025-09-10 17:20:07.666,59,60.37,59.94,0.43,
2025-09-10 17:20:07.715,61,60.38,59.96,0.42,
2025-09-10 17:20:07.768,59,60.36,59.94,0.41,
2025-09-10 17:20:07.817,61,60.37,59.96,0.41,
2025-09-10 17:20:07.867,59,60.34,59.94,0.40,
2025-09-10 17:20:07.916,61,60.35,59.96,0.40,
2025-09-10 17:20:07.969,59,60.33,59.95,0.39,
2025-09-10 17:20:08.018,61,60.34,59.96,0.39,
2025-09-10 17:20:08.067,60,60.34,59.96,0.38,
2025-09-10 17:20:08.121,60,60.33,59.96,0.37,
2025-09-10 17:20:08.170,60,60.33,59.96,0.37,
2025-09-10 17:20:08.219,60,60.32,59.96,0.36,
2025-09-10 17:20:08.268,60,60.32,59.96,0.36,
2025-09-10 17:20:08.321,60,60.31,59.96,0.35,
2025-09-10 17:20:08.370,60,60.31,59.96,0.35,
2025-09-10 17:20:08.420,60,60.31,59.96,0.34,
2025-09-10 17:20:08.469,61,60.32,59.97,0.34,
2025-09-10 17:20:08.522,59,60.30,59.96,0.33,
2025-09-10 17:20:08.571,61,60.31,59.97,0.33,
2025-09-10 17:20:08.620,59,60.29,59.96,0.33,
2025-09-10 17:20:08.669,61,60.30,59.97,0.32,
2025-09-10 17:20:08.723,59,60.28,59.96,0.32,
2025-09-10 17:20:08.772,62,60.30,59.98,0.32,
2025-09-10 17:20:08.821,59,60.29,59.97,0.31,
2025-09-10 17:20:08.870,62,60.31,59.99,0.32,
2025-09-10 17:20:08.923,59,60.29,59.98,0.31,
2025-09-10 17:20:08.973,62,60.31,60.00,0.31,
2025-09-10 17:20:09.022,59,60.30,59.99,0.30,
2025-09-10 17:20:09.071,62,60.32,60.01,0.31,
2025-09-10 17:20:09.124,59,60.30,60.00,0.30,
2025-09-10 17:20:09.173,63,60.34,60.03,0.31,
2025-09-10 17:20:09.222,59,60.32,60.02,0.30,
2025-09-10 17:20:09.272,63,60.35,60.05,0.30,
2025-09-10 17:20:09.325,59,60.34,60.04,0.30,
2025-09-10 17:20:09.374,63,60.37,60.07,0.30,
2025-09-10 17:20:09.423,59,60.35,60.06,0.30,
2025-09-10 17:20:09.476,63,60.39,60.08,0.30,
2025-09-10 17:20:09.526,59,60.37,60.07,0.30,
2025-09-10 17:20:09.575,63,60.40,60.10,0.30,
2025-09-10 17:20:09.624,59,60.38,60.09,0.30,
2025-09-10 17:20:09.677,63,60.42,60.11,0.30,
2025-09-10 17:20:09.726,58,60.39,60.09,0.29,
2025-09-10 17:20:09.775,62,60.41,60.11,0.29,
2025-09-10 17:20:09.825,59,60.39,60.10,0.29,
2025-09-10 17:20:09.878,62,60.41,60.12,0.29,
2025-09-10 17:20:09.927,59,60.39,60.11,0.28,
2025-09-10 17:20:09.976,62,60.41,60.12,0.29,
2025-09-10 17:20:10.025,59,60.39,60.11,0.28,
2025-09-10 17:20:10.078,62,60.41,60.13,0.28,
2025-09-10 17:20:10.128,59,60.40,60.12,0.28,
2025-09-10 17:20:10.177,61,60.40,60.13,0.28,
2025-09-10 17:20:10.226,59,60.39,60.12,0.27,
2025-09-10 17:20:10.279,61,60.39,60.13,0.27,
2025-09-10 17:20:10.328,59,60.38,60.12,0.26,
2025-09-10 17:20:10.377,61,60.38,60.12,0.26,
2025-09-10 17:20:10.427,59,60.37,60.11,0.25,
2025-09-10 17:20:10.480,61,60.38,60.12,0.25,
2025-09-10 17:20:10.529,59,60.36,60.11,0.25,
2025-09-10 17:20:10.578,60,60.36,60.11,0.24,
2025-09-10 17:20:10.627,59,60.34,60.10,0.24,
2025-09-10 17:20:10.680,60,60.34,60.10,0.23,
2025-09-10 17:20:10.730,59,60.32,60.10,0.23,
2025-09-10 17:20:10.779,60,60.32,60.09,0.22,
2025-09-10 17:20:10.832,60,60.32,60.09,0.22,
2025-09-10 17:20:10.881,59,60.30,60.09,0.22,
2025-09-10 17:20:10.930,60,60.30,60.09,0.21,
2025-09-10 17:20:10.980,59,60.28,60.08,0.21,
2025-09-10 17:20:11.033,60,60.28,60.08,0.20,
2025-09-10 17:20:11.082,59,60.27,60.07,0.20,
2025-09-10 17:20:11.131,60,60.27,60.07,0.20,
2025-09-10 17:20:11.180,59,60.25,60.06,0.19,
2025-09-10 17:20:11.233,60,60.25,60.06,0.19,
2025-09-10 17:20:11.283,59,60.24,60.06,0.18,
2025-09-10 17:20:11.332,61,60.24,60.06,0.18,
2025-09-10 17:20:11.381,58,60.22,60.05,0.17,
2025-09-10 17:20:11.434,61,60.23,60.05,0.18,
2025-09-10 17:20:11.483,58,60.21,60.04,0.17,
2025-09-10 17:20:11.532,61,60.22,60.05,0.17,
2025-09-10 17:20:11.582,58,60.19,60.03,0.16,
2025-09-10 17:20:11.635,61,60.20,60.04,0.16,
2025-09-10 17:20:11.684,58,60.18,60.03,0.15,
2025-09-10 17:20:11.733,62,60.20,60.04,0.16,
2025-09-10 17:20:11.782,58,60.18,60.03,0.15,
2025-09-10 17:20:11.835,62,60.19,60.04,0.15,
2025-09-10 17:20:11.885,58,60.17,60.03,0.15,
2025-09-10 17:20:11.934,62,60.19,60.04,0.15,
2025-09-10 17:20:11.983,58,60.17,60.03,0.14,
2025-09-10 17:20:12.036,62,60.19,60.04,0.15,
2025-09-10 17:20:12.085,58,60.17,60.03,0.14,
2025-09-10 17:20:12.135,62,60.18,60.04,0.15,
2025-09-10 17:20:12.188,58,60.16,60.03,0.14,
2025-09-10 17:20:12.237,62,60.18,60.04,0.14,
2025-09-10 17:20:12.286,58,60.16,60.03,0.13,
2025-09-10 17:20:12.335,62,60.18,60.04,0.14,
2025-09-10 17:20:12.388,58,60.15,60.03,0.13,
2025-09-10 17:20:12.438,62,60.17,60.04,0.14,
2025-09-10 17:20:12.487,58,60.15,60.02,0.13,
2025-09-10 17:20:12.536,61,60.16,60.03,0.13,
2025-09-10 17:20:12.589,58,60.14,60.02,0.12,
2025-09-10 17:20:12.638,61,60.15,60.02,0.12,
2025-09-10 17:20:12.688,58,60.13,60.01,0.11,
2025-09-10 17:20:12.737,61,60.13,60.02,0.12,
2025-09-10 17:20:12.790,58,60.11,60.01,0.11,
2025-09-10 17:20:12.839,61,60.12,60.01,0.11,
2025-09-10 17:20:12.888,58,60.10,60.00,0.10,
2025-09-10 17:20:12.937,61,60.11,60.01,0.10,
2025-09-10 17:20:12.991,58,60.09,60.00,0.09,
2025-09-10 17:20:13.040,60,60.09,60.00,0.09,
2025-09-10 17:20:13.089,58,60.07,59.99,0.08,
2025-09-10 17:20:13.138,60,60.07,59.99,0.08,
2025-09-10 17:20:13.191,58,60.05,59.97,0.07,
2025-09-10 17:20:13.240,60,60.05,59.98,0.07,
2025-09-10 17:20:13.290,58,60.03,59.96,0.06,
2025-09-10 17:20:13.347,60,60.03,59.96,0.06,
2025-09-10 17:20:13.392,58,60.01,59.95,0.05,
2025-09-10 17:20:13.441,59,60.00,59.95,0.05,
2025-09-10 17:20:13.490,59,59.99,59.94,0.05,
2025-09-10 17:20:13.544,59,59.98,59.94,0.04,
2025-09-10 17:20:13.593,59,59.97,59.94,0.04,
2025-09-10 17:20:13.642,59,59.96,59.93,0.03,
2025-09-10 17:20:13.691,59,59.95,59.93,0.03,
2025-09-10 17:20:13.744,59,59.95,59.92,0.02,
2025-09-10 17:20:13.793,59,59.94,59.92,0.02,
2025-09-10 17:20:13.843,58,59.92,59.91,0.01,
2025-09-10 17:20:13.892,59,59.91,59.90,0.01,
2025-09-10 17:20:13.945,58,59.89,59.89,0.00,
2025-09-10 17:20:13.994,60,59.90,59.89,0.00,
2025-09-10 17:20:14.043,58,59.88,59.88,-0.01,
2025-09-10 17:20:14.092,60,59.88,59.88,-0.01,
2025-09-10 17:20:14.146,58,59.86,59.88,-0.01,
2025-09-10 17:20:14.195,60,59.86,59.88,-0.01,
2025-09-10 17:20:14.244,58,59.85,59.87,-0.02,
2025-09-10 17:20:14.293,61,59.86,59.87,-0.02,
2025-09-10 17:20:14.346,58,59.84,59.86,-0.02,
2025-09-10 17:20:14.395,61,59.85,59.87,-0.02,
2025-09-10 17:20:14.445,57,59.83,59.86,-0.03,
2025-09-10 17:20:14.494,61,59.84,59.86,-0.02,
2025-09-10 17:20:14.547,58,59.82,59.85,-0.03,
2025-09-10 17:20:14.596,61,59.83,59.86,-0.03,
2025-09-10 17:20:14.645,57,59.81,59.84,-0.04,
2025-09-10 17:20:14.699,61,59.82,59.85,-0.03,
2025-09-10 17:20:14.748,57,59.79,59.84,-0.04,
2025-09-10 17:20:14.797,61,59.80,59.84,-0.04,
2025-09-10 17:20:14.846,57,59.78,59.83,-0.05,
2025-09-10 17:20:14.899,61,59.79,59.83,-0.05,
2025-09-10 17:20:14.948,57,59.76,59.82,-0.06,
2025-09-10 17:20:14.998,62,59.78,59.83,-0.05,
2025-09-10 17:20:15.047,57,59.76,59.82,-0.06,
2025-09-10 17:20:15.100,61,59.77,59.82,-0.05,
2025-09-10 17:20:15.149,57,59.75,59.81,-0.07,
2025-09-10 17:20:15.199,61,59.76,59.82,-0.06,
2025-09-10 17:20:15.249,57,59.73,59.80,-0.07,
2025-09-10 17:20:15.301,61,59.74,59.81,-0.07,
2025-09-10 17:20:15.350,57,59.72,59.80,-0.08,
2025-09-10 17:20:15.399,61,59.73,59.80,-0.07,
2025-09-10 17:20:15.448,57,59.71,59.79,-0.08,
2025-09-10 17:20:15.501,61,59.72,59.80,-0.08,
2025-09-10 17:20:15.551,58,59.70,59.79,-0.09,
2025-09-10 17:20:15.600,61,59.71,59.79,-0.08,
2025-09-10 17:20:15.649,58,59.70,59.79,-0.09,
2025-09-10 17:20:15.702,60,59.70,59.79,-0.08,
2025-09-10 17:20:15.751,57,59.68,59.77,-0.10,
2025-09-10 17:20:15.800,60,59.68,59.78,-0.10,
2025-09-10 17:20:15.850,58,59.67,59.77,-0.10,
2025-09-10 17:20:15.903,60,59.67,59.77,-0.10,
2025-09-10 17:20:15.952,58,59.65,59.76,-0.11,
2025-09-10 17:20:16.001,60,59.66,59.76,-0.11,
2025-09-10 17:20:16.054,58,59.64,59.76,-0.11,
2025-09-10 17:20:16.103,60,59.65,59.76,-0.11,
2025-09-10 17:20:16.153,58,59.63,59.75,-0.12,
2025-09-10 17:20:16.202,60,59.63,59.75,-0.12,
2025-09-10 17:20:16.255,58,59.62,59.74,-0.12,
2025-09-10 17:20:16.304,59,59.61,59.74,-0.13,
2025-09-10 17:20:16.353,58,59.60,59.73,-0.13,
2025-09-10 17:20:16.402,59,59.60,59.73,-0.13,
2025-09-10 17:20:16.456,59,59.59,59.73,-0.14,
2025-09-10 17:20:16.505,58,59.58,59.72,-0.14,
2025-09-10 17:20:16.554,59,59.57,59.72,-0.14,
2025-09-10 17:20:16.603,58,59.56,59.71,-0.15,
2025-09-10 17:20:16.656,59,59.55,59.71,-0.15,
2025-09-10 17:20:16.706,58,59.54,59.70,-0.16,
2025-09-10 17:20:16.755,59,59.54,59.70,-0.16,
2025-09-10 17:20:16.804,58,59.52,59.69,-0.17,
2025-09-10 17:20:16.857,60,59.53,59.69,-0.16,
2025-09-10 17:20:16.906,58,59.52,59.69,-0.17,
2025-09-10 17:20:16.955,60,59.52,59.69,-0.17,
2025-09-10 17:20:17.005,58,59.51,59.68,-0.17,
2025-09-10 17:20:17.058,60,59.51,59.68,-0.17,
2025-09-10 17:20:17.107,57,59.49,59.67,-0.18,
2025-09-10 17:20:17.156,60,59.49,59.67,-0.18,
2025-09-10 17:20:17.205,57,59.47,59.66,-0.19,
2025-09-10 17:20:17.258,61,59.49,59.67,-0.18,
2025-09-10 17:20:17.308,57,59.47,59.66,-0.19,
2025-09-10 17:20:17.357,61,59.48,59.66,-0.18,
2025-09-10 17:20:17.410,57,59.46,59.65,-0.19,
2025-09-10 17:20:17.459,61,59.47,59.66,-0.19,
2025-09-10 17:20:17.508,57,59.45,59.65,-0.20,
2025-09-10 17:20:17.558,61,59.46,59.65,-0.19,
2025-09-10 17:20:17.611,57,59.44,59.64,-0.20,
2025-09-10 17:20:17.660,61,59.46,59.65,-0.19,
2025-09-10 17:20:17.709,57,59.44,59.64,-0.20,
2025-09-10 17:20:17.758,61,59.45,59.64,-0.19,
2025-09-10 17:20:17.811,57,59.43,59.63,-0.21,
2025-09-10 17:20:17.861,61,59.44,59.64,-0.20,
2025-09-10 17:20:17.910,57,59.42,59.63,-0.21,
2025-09-10 17:20:17.959,61,59.44,59.63,-0.20,
2025-09-10 17:20:18.012,57,59.41,59.63,-0.21,
2025-09-10 17:20:18.092,61,59.43,59.63,-0.20,
2025-09-10 17:20:18.112,57,59.41,59.62,-0.21,
2025-09-10 17:20:18.160,61,59.42,59.63,-0.20,
2025-09-10 17:20:18.213,57,59.40,59.62,-0.22,
2025-09-10 17:20:18.262,61,59.41,59.62,-0.21,
2025-09-10 17:20:18.311,57,59.39,59.61,-0.22,
2025-09-10 17:20:18.360,61,59.41,59.62,-0.21,
2025-09-10 17:20:18.413,57,59.39,59.61,-0.22,
2025-09-10 17:20:18.463,61,59.40,59.61,-0.21,
2025-09-10 17:20:18.512,57,59.38,59.60,-0.22,
2025-09-10 17:20:18.561,60,59.39,59.61,-0.22,
2025-09-10 17:20:18.614,57,59.37,59.60,-0.23,
2025-09-10 17:20:18.663,60,59.37,59.60,-0.23,
2025-09-10 17:20:18.713,57,59.35,59.59,-0.24,
2025-09-10 17:20:18.766,60,59.36,59.59,-0.23,
2025-09-10 17:20:18.815,58,59.34,59.58,-0.24,
2025-09-10 17:20:18.864,60,59.35,59.59,-0.24,
2025-09-10 17:20:18.913,58,59.34,59.58,-0.24,
2025-09-10 17:20:18.966,60,59.34,59.58,-0.24,
2025-09-10 17:20:19.016,58,59.33,59.58,-0.24,
2025-09-10 17:20:19.065,60,59.34,59.58,-0.24,
2025-09-10 17:20:19.114,58,59.33,59.57,-0.25,
2025-09-10 17:20:19.167,59,59.33,59.57,-0.25,
2025-09-10 17:20:19.216,58,59.31,59.57,-0.25,
2025-09-10 17:20:19.265,59,59.31,59.56,-0.25,
2025-09-10 17:20:19.315,58,59.30,59.56,-0.26,
2025-09-10 17:20:19.368,59,59.30,59.56,-0.26,
2025-09-10 17:20:19.417,58,59.29,59.55,-0.26,
2025-09-10 17:20:19.466,59,59.29,59.55,-0.26,
2025-09-10 17:20:19.515,58,59.28,59.55,-0.27,
2025-09-10 17:20:19.569,58,59.27,59.54,-0.27,
2025-09-10 17:20:19.618,59,59.26,59.54,-0.28,
2025-09-10 17:20:19.667,58,59.25,59.53,-0.28,
2025-09-10 17:20:19.716,59,59.25,59.53,-0.28,
2025-09-10 17:20:19.770,58,59.24,59.53,-0.29,
2025-09-10 17:20:19.825,59,59.24,59.53,-0.29,
2025-09-10 17:20:19.874,58,59.23,59.52,-0.29,
2025-09-10 17:20:19.917,60,59.24,59.52,-0.29,
2025-09-10 17:20:19.970,58,59.23,59.52,-0.29,
2025-09-10 17:20:20.019,60,59.23,59.52,-0.29,
2025-09-10 17:20:20.068,58,59.22,59.51,-0.29,
2025-09-10 17:20:20.121,60,59.23,59.52,-0.29,
2025-09-10 17:20:20.171,57,59.21,59.51,-0.30,
2025-09-10 17:20:20.220,60,59.22,59.51,-0.29,
2025-09-10 17:20:20.269,57,59.20,59.50,-0.30,
2025-09-10 17:20:20.322,61,59.21,59.51,-0.29,
2025-09-10 17:20:20.371,57,59.20,59.50,-0.30,
2025-09-10 17:20:20.420,61,59.21,59.50,-0.29,
2025-09-10 17:20:20.470,57,59.19,59.50,-0.30,
2025-09-10 17:20:20.523,61,59.21,59.50,-0.29,
2025-09-10 17:20:20.572,57,59.19,59.49,-0.30,
2025-09-10 17:20:20.621,61,59.21,59.50,-0.29,
2025-09-10 17:20:20.670,57,59.19,59.49,-0.30,
2025-09-10 17:20:20.724,61,59.20,59.49,-0.29,
2025-09-10 17:20:20.773,58,59.19,59.49,-0.30,
2025-09-10 17:20:20.822,61,59.21,59.49,-0.29,
2025-09-10 17:20:20.871,57,59.19,59.49,-0.30,
2025-09-10 17:20:20.924,61,59.20,59.49,-0.29,
2025-09-10 17:20:20.973,57,59.19,59.48,-0.30,
2025-09-10 17:20:21.023,62,59.21,59.49,-0.28,
2025-09-10 17:20:21.072,57,59.19,59.48,-0.29,
2025-09-10 17:20:21.125,62,59.21,59.49,-0.28,
2025-09-10 17:20:21.174,58,59.20,59.49,-0.28,
2025-09-10 17:20:21.223,62,59.23,59.49,-0.27,
2025-09-10 17:20:21.272,58,59.22,59.49,-0.27,
2025-09-10 17:20:21.326,62,59.24,59.50,-0.26,
2025-09-10 17:20:21.375,58,59.23,59.49,-0.26,
2025-09-10 17:20:21.424,62,59.25,59.50,-0.25,
2025-09-10 17:20:21.477,57,59.23,59.49,-0.26,
2025-09-10 17:20:21.526,61,59.25,59.50,-0.25,
2025-09-10 17:20:21.576,58,59.24,59.49,-0.26,
2025-09-10 17:20:21.625,61,59.25,59.50,-0.25,
2025-09-10 17:20:21.678,58,59.24,59.49,-0.25,
2025-09-10 17:20:21.727,61,59.26,59.50,-0.24,
2025-09-10 17:20:21.776,58,59.25,59.49,-0.25,
2025-09-10 17:20:21.825,61,59.26,59.50,-0.24,
2025-09-10 17:20:21.879,58,59.25,59.49,-0.24,
2025-09-10 17:20:21.928,61,59.26,59.50,-0.23,
2025-09-10 17:20:21.977,58,59.25,59.49,-0.24,
2025-09-10 17:20:22.026,60,59.26,59.49,-0.24,
2025-09-10 17:20:22.079,58,59.25,59.49,-0.24,
2025-09-10 17:20:22.128,60,59.26,59.49,-0.24,
2025-09-10 17:20:22.180,58,59.25,59.49,-0.24,
2025-09-10 17:20:22.227,60,59.25,59.49,-0.24,
2025-09-10 17:20:22.280,59,59.25,59.49,-0.24,
2025-09-10 17:20:22.329,60,59.26,59.49,-0.23,
2025-09-10 17:20:22.378,59,59.25,59.49,-0.23,
2025-09-10 17:20:22.428,60,59.26,59.49,-0.23,
2025-09-10 17:20:22.481,59,59.26,59.49,-0.23,
2025-09-10 17:20:22.530,59,59.25,59.49,-0.23,
2025-09-10 17:20:22.579,59,59.25,59.49,-0.23,
2025-09-10 17:20:22.632,59,59.25,59.48,-0.23,
2025-09-10 17:20:22.681,59,59.25,59.48,-0.23,
2025-09-10 17:20:22.731,59,59.25,59.48,-0.23,
2025-09-10 17:20:22.780,59,59.25,59.48,-0.23,
2025-09-10 17:20:22.833,58,59.24,59.48,-0.24,
2025-09-10 17:20:22.882,60,59.24,59.48,-0.24,
2025-09-10 17:20:22.931,58,59.23,59.47,-0.24,
2025-09-10 17:20:22.980,60,59.24,59.47,-0.24,
2025-09-10 17:20:23.034,58,59.23,59.47,-0.24,
2025-09-10 17:20:23.083,60,59.23,59.47,-0.24,
2025-09-10 17:20:23.132,58,59.23,59.47,-0.24,
2025-09-10 17:20:23.181,61,59.24,59.47,-0.23,
2025-09-10 17:20:23.234,58,59.23,59.47,-0.24,
2025-09-10 17:20:23.284,61,59.24,59.47,-0.23,
2025-09-10 17:20:23.333,58,59.23,59.47,-0.23,
2025-09-10 17:20:23.382,61,59.25,59.47,-0.23,
2025-09-10 17:20:23.435,58,59.24,59.47,-0.23,
2025-09-10 17:20:23.484,61,59.25,59.47,-0.22,
2025-09-10 17:20:23.533,58,59.24,59.47,-0.23,
2025-09-10 17:20:23.583,61,59.25,59.47,-0.22,
2025-09-10 17:20:23.636,58,59.24,59.47,-0.22,
2025-09-10 17:20:23.685,62,59.26,59.48,-0.21,
2025-09-10 17:20:23.734,58,59.26,59.47,-0.22,
2025-09-10 17:20:23.783,61,59.27,59.48,-0.21,
2025-09-10 17:20:23.836,58,59.26,59.47,-0.21,
2025-09-10 17:20:23.886,62,59.28,59.48,-0.20,
2025-09-10 17:20:23.935,58,59.27,59.47,-0.20,
2025-09-10 17:20:23.990,62,59.29,59.48,-0.19,
2025-09-10 17:20:24.037,58,59.28,59.48,-0.20,
2025-09-10 17:20:24.086,62,59.30,59.48,-0.18,
2025-09-10 17:20:24.135,58,59.29,59.48,-0.19,
2025-09-10 17:20:24.189,62,59.31,59.49,-0.18,
2025-09-10 17:20:24.238,58,59.30,59.48,-0.18,
2025-09-10 17:20:24.287,62,59.32,59.49,-0.17,
2025-09-10 17:20:24.336,58,59.31,59.49,-0.17,
2025-09-10 17:20:24.389,62,59.33,59.49,-0.16,
2025-09-10 17:20:24.439,58,59.32,59.49,-0.17,
2025-09-10 17:20:24.488,61,59.33,59.49,-0.16,
2025-09-10 17:20:24.537,58,59.32,59.49,-0.16,
2025-09-10 17:20:24.590,61,59.34,59.49,-0.15,
2025-09-10 17:20:24.738,58,59.33,59.49,-0.16,
2025-09-10 17:20:24.791,6,58.92,59.36,-0.43,
2025-09-10 17:20:24.840,58,58.91,59.35,-0.44,
2025-09-10 17:20:24.889,61,58.93,59.36,-0.42,
2025-09-10 17:20:24.938,58,58.92,59.35,-0.43,
2025-09-10 17:20:24.991,60,58.93,59.36,-0.42,
2025-09-10 17:20:25.041,58,58.93,59.35,-0.43,
2025-09-10 17:20:25.090,60,58.94,59.35,-0.42,
2025-09-10 17:20:25.139,58,58.93,59.35,-0.42,
2025-09-10 17:20:25.192,60,58.94,59.35,-0.41,
2025-09-10 17:20:25.241,58,58.93,59.35,-0.42,
2025-09-10 17:20:25.290,60,58.94,59.35,-0.41,
2025-09-10 17:20:25.344,58,58.93,59.35,-0.42,
2025-09-10 17:20:25.393,60,58.94,59.35,-0.41,
2025-09-10 17:20:25.442,58,58.93,59.35,-0.41,
2025-09-10 17:20:25.491,59,58.93,59.34,-0.41,
2025-09-10 17:20:25.544,59,58.93,59.34,-0.41,
2025-09-10 17:20:25.594,59,58.93,59.34,-0.41,
2025-09-10 17:20:25.643,59,58.93,59.34,-0.41,
2025-09-10 17:20:25.692,59,58.93,59.34,-0.41,
2025-09-10 17:20:25.745,59,58.93,59.34,-0.41,
2025-09-10 17:20:25.794,59,58.94,59.34,-0.40,
2025-09-10 17:20:25.843,59,58.94,59.34,-0.40,
2025-09-10 17:20:25.893,58,58.93,59.34,-0.41,
2025-09-10 17:20:25.946,60,58.94,59.34,-0.40,
2025-09-10 17:20:25.995,58,58.93,59.33,-0.40,
2025-09-10 17:20:26.044,60,58.94,59.34,-0.40,
2025-09-10 17:20:26.093,58,58.93,59.33,-0.40,
2025-09-10 17:20:26.146,60,58.94,59.33,-0.39,
2025-09-10 17:20:26.196,58,58.93,59.33,-0.40,
2025-09-10 17:20:26.245,60,58.94,59.33,-0.39,
2025-09-10 17:20:26.294,58,58.93,59.33,-0.40,
2025-09-10 17:20:26.347,61,58.95,59.33,-0.38,
2025-09-10 17:20:26.396,58,58.94,59.33,-0.39,
2025-09-10 17:20:26.445,61,58.96,59.33,-0.38,
2025-09-10 17:20:26.495,58,58.95,59.33,-0.38,
2025-09-10 17:20:26.548,61,58.97,59.33,-0.37,
2025-09-10 17:20:26.597,58,58.96,59.33,-0.37,
2025-09-10 17:20:26.646,61,58.98,59.34,-0.36,
2025-09-10 17:20:26.699,58,58.97,59.33,-0.36,
2025-09-10 17:20:26.749,61,58.98,59.34,-0.35,
2025-09-10 17:20:26.798,58,58.98,59.33,-0.36,
2025-09-10 17:20:26.847,62,59.00,59.34,-0.34,
2025-09-10 17:20:26.900,57,58.98,59.33,-0.35,
2025-09-10 17:20:26.949,62,59.01,59.34,-0.33,
2025-09-10 17:20:26.998,57,58.99,59.33,-0.34,
2025-09-10 17:20:27.048,61,59.01,59.34,-0.33,
2025-09-10 17:20:27.101,57,58.99,59.33,-0.34,
2025-09-10 17:20:27.150,62,59.02,59.34,-0.32,
2025-09-10 17:20:27.199,57,59.00,59.33,-0.33,
2025-09-10 17:20:27.248,62,59.03,59.34,-0.31,
2025-09-10 17:20:27.301,57,59.01,59.33,-0.33,
2025-09-10 17:20:27.351,61,59.03,59.34,-0.31,
2025-09-10 17:20:27.400,57,59.01,59.33,-0.32,
2025-09-10 17:20:27.449,61,59.03,59.34,-0.31,
2025-09-10 17:20:27.502,57,59.01,59.33,-0.32,
2025-09-10 17:20:27.551,61,59.03,59.34,-0.31,
2025-09-10 17:20:27.601,57,59.01,59.33,-0.32,
2025-09-10 17:20:27.650,61,59.03,59.33,-0.31,
2025-09-10 17:20:27.703,58,59.02,59.33,-0.31,
2025-09-10 17:20:27.752,61,59.03,59.33,-0.30,
2025-09-10 17:20:27.801,58,59.02,59.33,-0.31,
2025-09-10 17:20:27.850,61,59.04,59.34,-0.29,
2025-09-10 17:20:27.904,58,59.03,59.33,-0.30,
2025-09-10 17:20:27.953,60,59.04,59.33,-0.29,
2025-09-10 17:20:28.002,58,59.03,59.33,-0.30,
2025-09-10 17:20:28.055,60,59.04,59.33,-0.29,
2025-09-10 17:20:28.104,58,59.03,59.33,-0.30,
2025-09-10 17:20:28.154,60,59.04,59.33,-0.29,
2025-09-10 17:20:28.203,58,59.03,59.33,-0.30,
2025-09-10 17:20:28.256,60,59.04,59.33,-0.29,
2025-09-10 17:20:28.305,58,59.03,59.33,-0.30,
2025-09-10 17:20:28.354,60,59.04,59.33,-0.29,
2025-09-10 17:20:28.403,58,59.03,59.33,-0.30,
2025-09-10 17:20:28.457,59,59.03,59.32,-0.30,
2025-09-10 17:20:28.506,58,59.02,59.32,-0.30,
2025-09-10 17:20:28.555,59,59.02,59.32,-0.30,
2025-09-10 17:20:28.604,58,59.01,59.32,-0.31,
2025-09-10 17:20:28.657,59,59.01,59.32,-0.31,
2025-09-10 17:20:28.706,59,59.01,59.32,-0.30,
2025-09-10 17:20:28.756,59,59.01,59.32,-0.30,
2025-09-10 17:20:28.805,59,59.01,59.32,-0.30,
2025-09-10 17:20:28.858,59,59.01,59.32,-0.30,
2025-09-10 17:20:28.907,59,59.01,59.31,-0.30,
2025-09-10 17:20:28.956,58,59.00,59.31,-0.31,
2025-09-10 17:20:29.005,59,59.00,59.31,-0.31,
2025-09-10 17:20:29.059,58,59.00,59.31,-0.31,
2025-09-10 17:20:29.108,60,59.00,59.31,-0.31,
2025-09-10 17:20:29.157,58,59.00,59.31,-0.31,
2025-09-10 17:20:29.206,60,59.00,59.31,-0.30,
2025-09-10 17:20:29.259,58,59.00,59.31,-0.31,
2025-09-10 17:20:29.309,60,59.00,59.31,-0.30,
2025-09-10 17:20:29.358,58,59.00,59.30,-0.31,
2025-09-10 17:20:29.411,61,59.01,59.31,-0.30,
2025-09-10 17:20:29.460,58,59.00,59.31,-0.30,
2025-09-10 17:20:29.509,61,59.02,59.31,-0.29,
2025-09-10 17:20:29.558,57,59.00,59.30,-0.30,
2025-09-10 17:20:29.612,61,59.02,59.31,-0.29,
2025-09-10 17:20:29.661,57,59.00,59.30,-0.30,
2025-09-10 17:20:29.710,61,59.02,59.31,-0.29,
2025-09-10 17:20:29.759,57,59.00,59.30,-0.30,
2025-09-10 17:20:29.812,61,59.02,59.31,-0.29,
2025-09-10 17:20:29.861,57,59.00,59.30,-0.30,
2025-09-10 17:20:29.911,61,59.02,59.30,-0.29,
2025-09-10 17:20:29.960,57,59.00,59.30,-0.30,
2025-09-10 17:20:30.013,61,59.02,59.30,-0.28,
2025-09-10 17:20:30.062,57,59.00,59.30,-0.30,
2025-09-10 17:20:30.111,62,59.03,59.30,-0.28,
2025-09-10 17:20:30.160,57,59.01,59.30,-0.29,
2025-09-10 17:20:30.214,61,59.03,59.30,-0.28,
2025-09-10 17:20:30.263,57,59.01,59.30,-0.29,
2025-09-10 17:20:30.312,61,59.03,59.30,-0.28,
2025-09-10 17:20:30.361,57,59.01,59.30,-0.29,
